{"web":{"client_id":"815060038346-m56en4m1k195kr74nhnodmtuids4j5mp.apps.googleusercontent.com","project_id":"restaurant-menu-app-220910","auth_uri":"https://accounts.google.com/o/oauth2/auth","token_uri":"https://www.googleapis.com/oauth2/v3/token","auth_provider_x509_cert_url":"https://www.googleapis.com/oauth2/v1/certs","client_secret":"DzP7vK33291Y2TaXyRpYVn_a","redirect_uris":["http://www.example.com/oauth2callback","http://localhost:5000/login","http://localhost:5000/gconnect"],"javascript_origins":["http://localhost:5000","http://www.example.com","http://127.0.0.1:5000"]}}